area_sqft,bedrooms,bathrooms,stories,main_road,guestroom,basement,hot_water_heating,air_conditioning,parking,prefarea,furnishing_status,price
2869.508340512482,3.713626049515719,2.9093952974316846,2.21770527469233,1.0,0.0,0.0,0.0,1.0,0.013008385411839463,0.0,1.0,818658.2380683097
1133.9599738585107,3.6151956627170603,1.6561167695222152,1.0377790010325803,1.0,1.0,0.0,0.0,1.0,2.0239105485183337,1.0,1.0,834948.5756596606
4074.731955916967,2.017674861455551,2.2051400785701336,2.96380185952702,1.0,0.0,0.0,0.0,1.0,0.8830888046032985,0.0,1.0,837537.6638458109
2427.1789737828994,5.933272231178863,2.822190055014075,2.357868360508201,1.0,1.0,1.0,1.0,0.0,3.4051839490419455,0.0,2.0,1137420.0226729119
3087.1375830595775,2.174341779956821,2.1495608105224617,2.1813030016944257,1.0,1.0,0.0,1.0,0.0,0.6744386571944325,1.0,1.0,888488.7493417871
1979.113490899762,2.223180259999175,2.705061878982961,3.0501357406775487,1.0,0.0,0.0,0.0,1.0,1.943276886087352,1.0,2.0,903874.4419225437
2693.9888092827678,4.783570767647325,1.9605597028675419,2.0276329304173037,1.0,0.0,0.0,1.0,1.0,1.5672564545505523,0.0,2.0,915909.2866318005
4304.545553206673,3.864297195598915,3.3480012360931664,3.2916589107946046,1.0,1.0,0.0,0.0,1.0,0.5749929805634952,1.0,2.0,1328396.2136476012
1702.827676296021,1.6685658621878188,3.5303451466809603,1.4596592383571876,1.0,0.0,0.0,0.0,1.0,2.217656208735206,1.0,2.0,898341.057015754
4517.791951164046,1.585468011000666,3.523488384039268,1.5185235907123384,0.0,0.0,1.0,0.0,0.0,0.8050324491634688,1.0,0.0,893704.226278768
3986.5348813427304,1.6425902264366101,2.1815577296902875,2.4155840126977504,0.0,1.0,1.0,1.0,1.0,0.5373742790424858,1.0,2.0,1039496.2738181049
999.4084238299189,1.8488401434463544,3.1884403562506245,2.3817187913434763,1.0,0.0,0.0,1.0,0.0,1.9650949594293303,1.0,1.0,670569.3110194488
3491.777521560498,1.6599905844165022,2.552832686702309,1.0286356705108592,1.0,0.0,0.0,1.0,1.0,0.3790736179911507,0.0,0.0,655847.5805943514
4722.380146268043,2.602615695725894,1.574724564132993,1.0009408937038131,1.0,1.0,0.0,0.0,1.0,1.5667861205005282,0.0,1.0,983815.5901950967
843.1549544028649,3.4746712241913746,3.11325143642944,3.9315075520435165,1.0,0.0,1.0,1.0,1.0,2.8985710031158165,0.0,0.0,726199.5736014945
1707.088193372024,4.620527739468356,3.9473861986169894,3.3284854313842764,0.0,0.0,0.0,1.0,1.0,2.7744617093760446,0.0,0.0,699599.6424824103
2650.9833881798477,5.0107422155341785,3.2924545989123306,1.7969824543121036,1.0,1.0,0.0,0.0,1.0,1.0970062750304974,0.0,2.0,1052579.6907827589
1867.338786030179,1.5096272365290644,1.4171850669878585,3.034323106355803,1.0,0.0,0.0,0.0,1.0,0.2302208593968178,1.0,1.0,781297.8022323237
1728.4725255320388,2.9047197028037144,1.9147880085440256,2.691530025877849,1.0,1.0,0.0,1.0,1.0,2.23744626082825,1.0,2.0,1008706.8130189785
3568.6746377870318,3.368451481484807,2.9320599677829273,3.65250603408339,1.0,0.0,0.0,0.0,1.0,0.9196112598582227,1.0,0.0,1020456.1291301276
3696.142508453819,4.983685256586519,1.358783124980193,1.3957480863986766,1.0,0.0,1.0,0.0,1.0,2.824733382940277,1.0,1.0,1208514.7196187158
4743.3820520833315,2.3838943510349377,3.9723253288543883,1.6900509609704768,1.0,0.0,0.0,1.0,1.0,1.8526740865345985,0.0,1.0,984028.1326378139
2907.205352594944,4.795262333797616,3.113213990408757,3.092089029014435,0.0,0.0,0.0,1.0,1.0,1.5325696857191557,1.0,2.0,1122883.370776119
703.8009278774301,3.798193743353843,3.426550910379895,2.3255799428473485,0.0,1.0,0.0,0.0,1.0,2.554227100118333,1.0,1.0,820157.4613968385
3813.469298245933,3.510409618893009,2.989050430725383,1.798013988142463,0.0,0.0,0.0,1.0,0.0,2.6058215097385027,1.0,1.0,952241.4279293031
2267.5368680111633,2.221512643288328,1.092029232841171,1.8711827805891321,1.0,1.0,0.0,1.0,1.0,2.280388562413968,0.0,2.0,857220.325704339
3984.2486878440272,5.3193894424352175,3.4053853732457293,1.8065751953474891,1.0,0.0,0.0,1.0,1.0,2.6877019770277855,1.0,0.0,1160407.2750021594
1451.878823485599,2.32063377415074,3.4442556424459756,2.195327883036783,1.0,0.0,0.0,1.0,1.0,0.6577903764774131,0.0,1.0,704996.9164563225
1205.2852221413773,2.370506847961085,3.158867687448703,1.2491727471568943,0.0,1.0,0.0,1.0,1.0,3.132062878143315,1.0,0.0,673015.7299644928
3805.4800417227475,2.0706543852348647,3.599214112590742,2.3862202214260693,0.0,0.0,1.0,1.0,1.0,1.6631311049782038,1.0,0.0,933227.3077570011
4287.57676247742,5.433332744134972,2.6285241250415763,3.5460542073262284,1.0,1.0,0.0,1.0,1.0,1.887129843947129,0.0,0.0,1118603.1282673816
1540.8554787939408,2.122297307566955,2.4723062333187356,1.3927700909216374,0.0,0.0,0.0,1.0,1.0,2.2301814809086284,0.0,0.0,525792.49898222
2269.601158950594,4.011346328048202,2.321182380497871,2.5570103934903203,1.0,0.0,0.0,0.0,1.0,3.4916650687033206,1.0,1.0,965309.0296948451
4957.205157185557,3.7612129307784006,2.1827084918945303,1.0233300102650331,0.0,0.0,1.0,1.0,1.0,2.4179646622900837,0.0,1.0,1025312.6328662067
4114.699058888988,3.7452235705840353,2.2813518917846634,1.8782032788358733,1.0,0.0,1.0,1.0,1.0,2.5352053629518503,1.0,0.0,1159091.3838277217
1237.9072122322345,5.932627373189976,3.2797702341885984,1.2863340446034854,1.0,0.0,0.0,1.0,1.0,3.734960845950873,0.0,0.0,764618.6938431214
3068.429547165444,3.0980054153959315,2.220090493550837,3.789065469791073,1.0,0.0,0.0,0.0,1.0,0.35459031435059796,1.0,2.0,1034648.2838811807
4383.829771331202,2.9915089407978384,3.7359219772707917,3.9549986848224457,0.0,1.0,1.0,0.0,1.0,2.08901713955982,0.0,2.0,1151811.1321079042
2690.173064722391,3.467348835763452,2.165417529322332,2.365322818145689,1.0,0.0,0.0,1.0,1.0,1.5156885490708616,0.0,1.0,868343.6391384061
2732.586491005407,1.4455438776944343,3.084403607758765,3.4828953177827477,0.0,0.0,0.0,1.0,1.0,2.8585424361922493,0.0,1.0,701874.9413371786
3917.137038197841,3.170869729889955,3.279478301259745,1.1470635923702435,0.0,0.0,0.0,1.0,1.0,1.336469653002042,0.0,1.0,888835.1477624368
3438.090097334013,4.892343698894373,2.884941182500335,2.648645930251136,1.0,0.0,0.0,1.0,1.0,1.4676500166062407,0.0,1.0,979805.7230331867
2913.2541564386474,1.101080119549185,1.5253628923774207,3.0205815239818605,0.0,1.0,0.0,1.0,1.0,0.7125693261611232,0.0,0.0,574801.5751209795
4338.608933941527,3.654727845495719,2.404471898039246,2.617162224404662,0.0,0.0,0.0,0.0,1.0,1.0198882994984748,0.0,2.0,958164.3529298593
2866.5689471058186,5.528766791838427,2.7440128013862193,2.6153221449072346,0.0,1.0,1.0,1.0,1.0,0.15900634240954226,1.0,0.0,1036487.2798255106
4487.822884695153,3.5075262558059475,3.5352579636104755,2.595051761808624,1.0,1.0,0.0,0.0,1.0,1.74418316027179,1.0,1.0,1273683.2704116998
3506.9495518821523,4.012279998653704,3.2971281296206767,3.9722413829109837,0.0,0.0,1.0,0.0,1.0,1.3934086211234096,1.0,2.0,1194348.8899656467
4095.6960052793106,4.550764678568843,3.978399180072107,2.386799348579525,1.0,0.0,0.0,1.0,1.0,2.1392124674409736,0.0,2.0,1136828.8398248954
3494.2745956808844,3.596781054622652,1.3627229342179168,2.36966956660676,1.0,0.0,1.0,0.0,1.0,0.6830827726964053,0.0,0.0,858949.7981790219
4159.016492317303,2.974066247243391,2.5875731019577715,2.147116366611,1.0,0.0,0.0,0.0,1.0,0.9247435738822487,1.0,2.0,1187907.7163631706
1962.3336598131532,4.7162589984308,3.3036149302169076,3.2788781111089325,1.0,1.0,0.0,1.0,1.0,0.5822288741327588,1.0,1.0,1031237.8087947067
3176.1085809696906,3.8275364548530337,3.044165375968607,3.824472165978629,0.0,1.0,0.0,0.0,1.0,2.0704786949966394,1.0,2.0,1172307.8735174881
3015.968141179883,1.1465100833792399,3.023278790966625,1.9539593248433766,1.0,0.0,1.0,1.0,1.0,0.02453306839828251,1.0,2.0,1032319.8480946971
4643.020804333369,3.945670918038682,3.0439809394755457,1.4679079390346141,0.0,0.0,1.0,1.0,1.0,0.5403453564778902,0.0,1.0,984446.7286462802
2713.508623035161,5.28403480788292,3.818470445431254,1.5785915006964626,0.0,1.0,0.0,1.0,1.0,1.4637493132365256,0.0,0.0,872171.7192194313
3546.3665185488658,3.907544309431466,3.3258295209886986,3.1219577525449846,1.0,1.0,0.0,1.0,0.0,1.9570216297449035,1.0,2.0,1268289.670629188
4291.183529145974,1.7539540757491003,3.7292281751576173,1.9700584843113276,0.0,0.0,0.0,0.0,1.0,2.0322852567234166,1.0,1.0,962865.2192590792
1776.4448694712792,2.3175767954751216,2.7116653995817575,2.03113079273617,1.0,0.0,0.0,0.0,1.0,3.4121707115667084,0.0,1.0,743668.4956215658
2959.9697287084023,3.5499257232520955,1.8694085130639293,2.8603247657275657,1.0,0.0,1.0,0.0,1.0,3.400241458487849,1.0,0.0,1059566.7785850633
3858.5943271139863,4.5899648518799365,2.9854945057320084,3.499446605171801,1.0,0.0,0.0,0.0,1.0,1.1002544958264622,0.0,2.0,1064347.6841667704
1052.970909543582,1.7130921693088021,1.9669929230304837,2.4315830148377238,1.0,0.0,0.0,1.0,1.0,1.4486457691536172,0.0,1.0,552253.9726098425
1702.0647285737368,3.2411819455172877,1.9876351842203097,2.375442393216712,0.0,1.0,1.0,0.0,1.0,3.881938587230792,1.0,1.0,882218.6256639957
2858.316491820869,3.2427622121816357,2.8023190247693126,1.2637558848737063,1.0,0.0,1.0,1.0,0.0,3.979031050878831,0.0,2.0,1004851.1150410998
3709.19424021988,1.3099790813627723,1.2705777742352256,3.150256607450733,1.0,1.0,0.0,1.0,1.0,2.9165707865497374,1.0,2.0,1135689.1226099904
811.7810989554418,2.4538989685411585,3.5471513917507242,2.4644203385751533,1.0,1.0,1.0,1.0,1.0,0.874469854733742,1.0,1.0,881736.051852551
1238.6485401141467,4.708941517710774,3.1475716560439118,2.7048133131539127,1.0,1.0,0.0,1.0,1.0,3.101457367604411,1.0,1.0,1070333.960238007
2692.9167063411182,3.9862203125039164,2.7830477023260154,3.152221820045967,1.0,0.0,0.0,1.0,1.0,3.3882914307397787,1.0,2.0,1198275.7786934068
1064.7557829272798,1.461365096680264,2.5278646565680125,2.525425022086155,0.0,0.0,1.0,0.0,1.0,0.5426957201075453,1.0,0.0,558891.8360327235
4683.611284157414,5.493258122913954,2.813520198043073,2.508630400651011,1.0,0.0,0.0,0.0,1.0,0.6256860130122641,0.0,1.0,1072298.67204926
4715.363240838205,3.0940725265052285,1.348976156079337,1.735798113282783,0.0,0.0,0.0,1.0,1.0,3.152707252767014,0.0,0.0,799844.7775188644
4210.561984122617,5.837808938597867,3.7957706520876764,3.4380528718013554,1.0,1.0,1.0,1.0,1.0,2.3963418148691735,0.0,0.0,1234262.0436215654
4600.662888899518,3.4190501435014964,2.5221935836412652,3.2077406443243257,1.0,0.0,1.0,1.0,1.0,1.2168648887460698,1.0,2.0,1343966.8984863772
3254.847482723061,1.4509172326960664,3.939089491823882,2.866280227610642,0.0,1.0,1.0,0.0,1.0,2.44621658901844,1.0,2.0,1030086.4952063072
2249.135224188463,3.896172887302908,1.2378294603201851,2.4319054860848532,0.0,1.0,0.0,0.0,1.0,1.8727927726969593,0.0,2.0,845223.6528906418
574.3957244064956,5.987810596596349,3.298486913399043,1.8913602946882653,1.0,0.0,0.0,1.0,1.0,0.7732373451603216,1.0,2.0,986790.8140587119
3668.32571146767,5.751181983970519,1.597519547443955,1.5992370465314345,0.0,0.0,1.0,0.0,1.0,1.3221779554026574,1.0,1.0,1079616.2381022905
1829.858865395113,3.0198225931229583,2.1436847035758366,2.7187310168553487,0.0,1.0,0.0,0.0,1.0,2.49214792879675,0.0,0.0,617621.2251313897
2024.512375043931,2.5844185859788817,2.123786210365807,1.5218089189190358,1.0,1.0,1.0,1.0,1.0,0.13109776440674015,0.0,1.0,730170.8402808143
4392.776571652639,3.09353578770461,2.076664278879812,3.7306552697961557,1.0,0.0,0.0,0.0,0.0,1.1079763607761572,0.0,1.0,890571.1581310444
4891.912905332787,4.104479605586686,3.617402630148187,1.5071252660417322,0.0,0.0,0.0,1.0,1.0,1.0681026826101583,0.0,0.0,884155.0090623965
2574.9749591329405,3.973164527001985,1.2167478995030947,1.4365242370047557,1.0,0.0,0.0,1.0,1.0,0.3109603441423179,1.0,0.0,886992.5322561299
1990.0582825693828,1.3996442438089587,2.2043655245589253,2.0208812282249813,1.0,0.0,0.0,0.0,0.0,1.927461980758311,1.0,2.0,847050.9993712651
3064.5708461246227,3.3789256955882374,3.383408991048703,2.9774594853282172,1.0,0.0,0.0,1.0,1.0,2.4703214802006146,0.0,1.0,938634.3049903075
1059.318312979252,1.416949420146645,1.2757035603888633,2.551763155538004,1.0,0.0,0.0,0.0,0.0,1.7776576013840897,1.0,0.0,512336.50645050465
2334.3137070347375,5.201464694014394,2.955223898277311,2.447341769339256,1.0,1.0,1.0,1.0,1.0,3.3634233243692995,1.0,0.0,1115541.8853122531
1979.4327425965287,5.458342027475544,2.82392242196668,2.2751764123995972,1.0,0.0,0.0,1.0,1.0,1.0391299189758314,0.0,0.0,793530.07165076
999.9135267362976,4.128321660783467,3.760539570282871,2.0264147622337845,1.0,1.0,0.0,1.0,0.0,2.090787592988015,0.0,2.0,800692.0714386245
2056.2466168120545,3.712167827418467,3.5468172210877187,3.6782097661327593,1.0,1.0,1.0,0.0,1.0,1.7332532443152564,1.0,1.0,1111001.8968271308
1421.0762105259105,5.436965855304759,2.5118865793897376,2.0745954621708504,1.0,0.0,0.0,0.0,1.0,0.3426309253466533,0.0,1.0,778062.8659730835
4071.1674557574765,2.527953460562197,3.9222923641972995,1.4084532183179694,1.0,0.0,1.0,1.0,1.0,3.806467408419137,1.0,2.0,1278619.595936585
3255.986245337834,2.108035100427073,2.5419858728033917,2.0985274342836697,1.0,1.0,1.0,1.0,1.0,0.5018103901154776,0.0,0.0,846942.2509259689
2198.6580513840595,2.7963853134837016,2.761324782713857,3.9666673986817274,1.0,0.0,0.0,1.0,1.0,3.973576159170083,1.0,1.0,965202.3183290755
2511.3126524453946,1.1669683958105095,1.5333691845332782,2.7234583454773373,0.0,0.0,1.0,0.0,1.0,1.950553626337383,0.0,2.0,660603.0565284343
1103.682756306665,5.448977696003253,1.0612779282734788,1.6224116067049805,1.0,0.0,0.0,0.0,1.0,0.927257035385769,0.0,1.0,675568.6143870158
576.8192975900085,1.9085049809201118,3.1466731101689063,2.0872699671466832,1.0,0.0,1.0,0.0,1.0,3.3670199139379164,0.0,0.0,541138.9698369332
3053.4195188374815,5.68453285112446,2.5251059901053443,2.612226178838206,1.0,1.0,0.0,1.0,1.0,1.1116643702357836,0.0,1.0,1061432.4908256563
3078.8812151468114,4.476253003542453,2.8256035008524014,1.0125696318746495,1.0,1.0,1.0,0.0,1.0,1.039742899850384,1.0,2.0,1210990.1079344936
3700.5094910753423,4.706219907754292,1.2730747402272151,2.8088974913144114,0.0,0.0,0.0,1.0,1.0,0.7087646093601361,1.0,2.0,1106698.7408024282
975.8156237086853,4.7674999042853985,2.8726418216821803,2.6728872376116026,1.0,1.0,0.0,1.0,1.0,3.863270616906867,1.0,1.0,1002038.5680825855
1854.12114621517,4.824569372014959,3.6114606159936846,1.071720394064326,1.0,0.0,0.0,1.0,1.0,0.4794404007539397,0.0,0.0,714760.9924287954
2915.1833905898757,5.367756082918336,2.663066391726416,3.8070104646413903,1.0,0.0,0.0,1.0,0.0,0.9420930898244357,0.0,1.0,885486.4873349564
3067.5908248848796,1.3335322846891975,1.4100911097968158,1.184466160888562,1.0,0.0,0.0,0.0,0.0,3.0302780428109326,0.0,0.0,613212.4861542672
3746.980794441722,3.6132131378881107,3.9433446978273246,3.0584263688772673,1.0,0.0,0.0,1.0,1.0,2.409988660158689,0.0,1.0,1060109.0926657803
3876.828121215477,5.787193699416226,2.8743372104839335,3.8710263974955614,0.0,0.0,1.0,0.0,0.0,0.9717011570027507,1.0,0.0,1022037.5851223632
2525.1844533591684,4.326147488266726,1.099965879597427,3.731292181771736,1.0,0.0,1.0,1.0,1.0,3.6951048272450313,1.0,1.0,1084756.6457985698
4803.4856553020645,1.064383552764904,3.658291228345364,2.5737042036696316,1.0,0.0,1.0,0.0,0.0,1.1833083106067095,0.0,2.0,1007906.6070832484
1898.9627233721749,4.153878073594476,1.2563821966676048,1.5504866766689076,0.0,0.0,0.0,1.0,0.0,3.2895664109373195,0.0,2.0,704050.5226498827
3093.7218611677176,4.7700375348304815,2.4886133877759296,3.882939819381284,0.0,0.0,1.0,0.0,0.0,0.9913104262458594,1.0,0.0,876236.578159282
4537.831881033932,5.34021512172653,2.2504739847709225,3.356743638503498,0.0,1.0,1.0,1.0,1.0,1.0837891533710229,0.0,2.0,1186423.0815481131
3597.217933584467,1.6690714956488297,2.284903927472184,1.4027615076956803,1.0,1.0,0.0,1.0,1.0,0.3133950037658204,0.0,0.0,763213.5133204613
2996.785762144191,1.0526960041230151,1.1909682356880729,2.1975512840207303,1.0,1.0,0.0,0.0,1.0,1.9646985350767308,1.0,2.0,983739.2348795249
2374.806652422395,5.36715501300721,2.124311253787845,2.768801321612947,0.0,1.0,1.0,1.0,0.0,1.867648414445509,0.0,0.0,776575.2411614708
4709.142565461854,3.284626932912295,1.3915716700444827,1.3839803845478724,1.0,0.0,1.0,0.0,1.0,1.8304416197006796,1.0,2.0,1268402.3720151535
4848.671595183484,3.2632472381362865,2.6491993988008424,2.557734746895595,1.0,0.0,0.0,1.0,1.0,0.8478013588750599,1.0,0.0,1063472.5340790302
3499.5607370022926,5.698060811778962,2.753505843908511,3.078484186559597,1.0,0.0,1.0,1.0,0.0,3.6710122134213705,0.0,2.0,1213652.3850997589
3092.1683961447607,3.879212986669031,2.385639280164658,2.0443633681859206,0.0,1.0,0.0,0.0,1.0,2.7008839454677736,0.0,0.0,773402.5677257458
2741.021374953212,4.385862989314181,1.9848241112736504,2.108400774023271,1.0,0.0,1.0,1.0,0.0,3.045011279829536,0.0,1.0,921441.29880988
1191.776618093174,3.3290721059663233,3.4595097991425394,1.979717308072719,1.0,0.0,0.0,0.0,1.0,0.10371089542302414,0.0,1.0,658413.392815808
1379.1908141713427,5.767472773021569,2.471634873471885,1.2310636019884804,1.0,0.0,0.0,1.0,0.0,3.1178139017025064,1.0,1.0,923703.902780288
973.3370813323618,3.6623398857466385,1.5364669099510246,1.372700093806572,1.0,1.0,0.0,1.0,1.0,3.81280230069465,1.0,1.0,909043.4688642495
2213.3659600455476,3.9328150315956734,1.7397394932769386,2.786548149098879,0.0,1.0,1.0,1.0,1.0,0.7415371807474971,1.0,1.0,969001.6180418845
735.9012115084182,1.8834635733927476,3.535345570242664,3.019420107307764,0.0,0.0,0.0,0.0,1.0,2.4093369055227907,0.0,0.0,493305.5616537423
2196.3896862515803,3.5586137170532677,1.821879201268224,3.1626247734563373,1.0,0.0,1.0,0.0,0.0,0.5563119792935387,1.0,0.0,831659.9893562534
3436.551797316278,5.550187978188571,2.3750519385398587,2.8384012427571674,0.0,1.0,0.0,1.0,1.0,0.44106790874373836,0.0,2.0,982288.7419527697
645.0114663569017,2.809629384134326,2.4182344591421634,3.5138126574300856,1.0,1.0,1.0,1.0,1.0,3.946824389238337,0.0,1.0,752055.7095337994
4658.9695364767695,5.367010340565814,3.026058248375448,3.0995374354135863,1.0,1.0,1.0,1.0,1.0,3.051045691800181,0.0,0.0,1213183.5690296341
4619.664815384493,4.225647379492711,3.3972109394032124,3.711745137550344,0.0,1.0,0.0,1.0,1.0,3.212337174178482,0.0,0.0,992360.0355220013
1912.934440733082,1.5881486941631442,3.2787914343934994,1.483272428744211,1.0,0.0,0.0,0.0,1.0,2.239429599785712,0.0,0.0,583451.1869545395
1927.2834760127585,5.91789759904389,3.2332493273087017,3.0887420602178226,1.0,0.0,0.0,1.0,1.0,3.2285108678894447,1.0,0.0,1060760.1875672473
642.3330486996549,4.63165545816374,3.0190222366243806,3.7712053722268606,0.0,0.0,1.0,0.0,1.0,2.232115982140467,1.0,0.0,737654.6554543655
2334.4010237278553,4.737677179378887,1.3394511096087978,1.8491167337918966,0.0,0.0,0.0,1.0,0.0,2.456242335573503,0.0,0.0,598076.949835876
4672.94075336562,4.6442732185237405,2.5855271502737427,2.3792284481539747,0.0,0.0,1.0,0.0,1.0,2.5373691675690413,1.0,1.0,1239179.8384555054
2572.96294326871,4.877730996204201,3.726155294049299,1.6842604304028337,1.0,1.0,0.0,1.0,1.0,1.2882734842819055,1.0,2.0,1230722.6308832078
2578.5278967236577,3.851391436096611,2.9799515046653338,2.0999179271552157,1.0,1.0,1.0,1.0,1.0,1.2911129246312285,0.0,1.0,980439.2781095062
2504.86033350223,2.6852593220266066,2.7446392135881394,2.643970953433696,1.0,0.0,0.0,1.0,1.0,3.3430073141345007,0.0,2.0,877352.6734561997
579.3806400952103,4.268899284418918,3.2793893027558907,2.8188850998289485,1.0,0.0,1.0,1.0,1.0,2.3328010152850673,1.0,1.0,902586.4021938096
4833.761185178164,5.149761241830344,2.481173235173216,2.397562643780379,0.0,0.0,1.0,1.0,1.0,3.5008713107345226,0.0,0.0,1033404.16183564
3035.646882565943,3.5286793437439306,2.968116850003451,2.930581091885374,1.0,1.0,1.0,0.0,1.0,3.617290876550191,1.0,1.0,1223321.39408023
2516.545354261488,4.752051118805117,1.3299845960741021,3.8392906001037828,0.0,1.0,1.0,1.0,1.0,1.7585341637954208,0.0,0.0,759549.7925785084
3464.7850635846708,5.584099629710822,1.5393482496158286,1.348787964401114,0.0,0.0,1.0,0.0,0.0,1.8061999470550871,1.0,0.0,959508.9502490982
1110.7169018926925,3.5822796749787305,3.4428718125710445,3.2825862064329185,1.0,1.0,0.0,1.0,1.0,2.254136579591787,0.0,1.0,762134.4348089776
662.1306112348957,5.308444993772658,3.46215861854372,3.5633095215898223,0.0,1.0,0.0,1.0,1.0,0.2922234111000295,0.0,2.0,822610.852149868
2632.999394203095,4.818047776943753,1.4507025133543443,3.1504251507840837,1.0,0.0,1.0,1.0,1.0,1.571302480055536,0.0,0.0,831228.3912352372
3236.9589567535695,3.8801821054288004,3.6735895998256463,1.3009825508944404,1.0,0.0,1.0,1.0,1.0,1.3680167773857441,0.0,2.0,995651.6353006577
2003.065676229704,5.981399048081361,3.4130924056137806,2.1645255153886866,1.0,1.0,0.0,1.0,1.0,2.120214846799845,1.0,0.0,1020097.6830426218
3617.1675273669025,4.317398472381543,2.6700551775506605,2.4650327276359585,0.0,1.0,1.0,1.0,1.0,3.7879972458871585,1.0,0.0,1070288.9078817603
2348.977133399222,2.5837748207292335,2.42150736661492,2.0620239063558143,1.0,0.0,0.0,1.0,1.0,3.5587281668825943,0.0,0.0,709690.0048360365
3001.766848435709,1.4680020073745572,3.1077207170451553,2.548566711069922,1.0,0.0,0.0,0.0,1.0,1.5803679534602546,0.0,1.0,732505.4324819215
1780.6776316450746,3.2563859788803597,1.6032096774573563,1.865653913658608,0.0,0.0,0.0,0.0,1.0,1.9435422718405144,0.0,2.0,717601.5408217254
2217.988480678722,1.444650517932551,3.357860274837243,3.775322471840045,0.0,1.0,1.0,1.0,1.0,1.5354117246993013,0.0,1.0,696524.2985454871
2743.2737031599395,4.986883997683293,1.0525934378073656,1.0178149247400958,0.0,1.0,0.0,0.0,1.0,1.1694106674458755,0.0,0.0,657441.0936177055
2335.440829201306,1.0592049593649435,2.072424204586529,2.9246561533219975,0.0,0.0,1.0,1.0,1.0,3.5029852996552835,1.0,0.0,719514.7879910208
3225.8804474884673,3.2997503723771286,3.0490349300031268,1.1842974448176167,0.0,0.0,0.0,0.0,1.0,3.463682395879384,0.0,1.0,835835.3260078455
2084.9261523209243,3.7180956810444656,1.175151953442355,2.5970740746101257,1.0,1.0,1.0,0.0,1.0,2.8745645153772124,0.0,1.0,879212.6824019897
4028.263625010156,3.775464524466976,1.810934758141138,3.989445285751934,1.0,0.0,0.0,0.0,1.0,0.5468468408722558,1.0,0.0,1027943.9418102634
2961.32861874039,4.647595155298188,2.873642479397445,2.693879556646033,1.0,1.0,0.0,1.0,1.0,2.6960165429156238,0.0,0.0,913242.8394075437
1103.4149188067372,4.019371359009511,2.781374269625929,3.9586795642945614,0.0,0.0,1.0,0.0,0.0,0.2279396959219282,0.0,2.0,701244.8454020838
3439.6029457147624,2.783194965603414,3.0583696502966693,3.521513844109321,1.0,0.0,1.0,1.0,1.0,1.1052450695753064,1.0,1.0,1050402.3005742903
885.04912393132,5.730666055362297,3.276997348287356,1.937196848520492,0.0,0.0,1.0,1.0,1.0,2.5130356682424067,0.0,1.0,759472.2671482089
1060.3297782428613,3.494953309162482,1.762127876435488,3.6964515646386387,1.0,0.0,1.0,1.0,0.0,3.0414085709272074,0.0,0.0,615461.8477815925
2971.822597662008,2.1636779543065643,2.173064534089149,3.7417774056418973,0.0,1.0,0.0,0.0,0.0,0.09108371462832299,0.0,1.0,640924.0056245467
1876.2073826923533,5.301605366772195,1.5528462040671933,2.834167655733056,1.0,0.0,1.0,0.0,1.0,1.852079880634176,1.0,0.0,977676.9253548303
4596.181588256024,4.483987632077806,1.9159749290639358,1.70000740129131,1.0,0.0,0.0,0.0,1.0,0.21897927013391882,1.0,2.0,1273034.9053732567
3736.406371834726,3.933677825372487,1.5319430913439285,2.2495057539360626,1.0,1.0,1.0,1.0,1.0,0.5572985315790637,1.0,0.0,1044127.8033038017
1241.5547218908762,4.001662589656323,3.2978360461833747,1.4112021538947779,1.0,0.0,1.0,0.0,1.0,0.6324812086922433,1.0,1.0,865866.4620043618
2310.000641471832,2.405253923363964,1.4084491974640576,1.1343757243853747,1.0,0.0,1.0,1.0,1.0,3.7016093099077905,0.0,1.0,754074.6328948761
2452.805765823589,2.6254225597056537,1.9976322617848936,2.9604997297305307,1.0,1.0,0.0,1.0,1.0,0.9631513801163782,1.0,2.0,1003775.1942505436
1591.1681333249367,3.2894945061369443,1.5795454585699218,1.9373422014076258,1.0,0.0,0.0,0.0,1.0,2.597127706296697,0.0,1.0,745629.5527165023
1881.4642818511072,3.2603566512193884,1.5692746929035541,1.7639032627342306,0.0,0.0,0.0,1.0,1.0,0.9243672551060627,0.0,1.0,559940.4739072125
4642.284990426484,5.896697995150986,1.1080618398987905,3.3600360239740956,0.0,0.0,0.0,0.0,0.0,1.0122225048613824,1.0,2.0,1195060.088267302
3989.597977467512,3.9908271268097506,3.834410882512423,2.8360093495815075,1.0,0.0,1.0,1.0,1.0,3.4573208645970173,0.0,2.0,1204880.8488017851
3092.398422158838,2.39284204649457,3.4006606135144017,2.511660052760317,0.0,1.0,1.0,1.0,1.0,3.163778653628472,0.0,1.0,900625.4706540405
3244.918224688589,2.9240456551946696,3.155841154100882,2.0229742641074733,0.0,0.0,1.0,1.0,1.0,2.7255803498980278,0.0,2.0,932443.2000025857
1580.1175310632736,4.913315336901045,1.8663329239444753,3.8586285338396347,0.0,0.0,0.0,1.0,1.0,2.3235424956528394,1.0,1.0,869209.0032206874
4917.353435119941,1.1507169938580066,1.045347233943668,2.2879137988642073,1.0,0.0,0.0,1.0,1.0,0.22594905380316366,0.0,1.0,839437.2990220387
809.6688619425021,3.967226911359233,1.4028641947572882,3.421391106538766,0.0,0.0,0.0,1.0,1.0,1.4777729693755184,0.0,2.0,656982.059578856
4854.759761804011,4.892779802433557,2.14900925851858,2.730613203699124,0.0,0.0,1.0,1.0,1.0,2.7352429698042613,1.0,1.0,1216384.880019153
524.6767530794943,4.912545367834142,3.7280707120128285,1.7769539987881566,1.0,0.0,1.0,0.0,1.0,3.6264405678272755,0.0,0.0,726296.4116204835
2049.9538497157237,3.259576239843284,1.8237616818351414,3.2297153362843347,1.0,0.0,0.0,0.0,1.0,1.6660979182195579,1.0,0.0,808415.049154201
1133.4620653549482,5.182509303015939,3.4194186182103072,2.92750325122592,0.0,0.0,1.0,0.0,0.0,1.350370955064033,0.0,0.0,654170.6517581574
1435.7684301521695,3.3215158627530963,2.7227269834367327,1.8206386183886825,1.0,0.0,0.0,0.0,0.0,3.1907715765475935,1.0,2.0,877073.7783843679
2667.1928198002342,1.025469248272556,2.558868810729659,3.7311944971824964,1.0,1.0,0.0,1.0,1.0,2.8027748316105825,1.0,2.0,1030097.1439120843
2768.3905968107733,3.0956059764231783,3.470923734976434,1.9156653901580833,1.0,1.0,0.0,1.0,1.0,0.4225411495047249,0.0,1.0,913916.7068819285
1360.457706970784,4.931822774240819,3.2690881115476964,1.0586491766277435,1.0,1.0,0.0,1.0,1.0,2.455405938623029,1.0,0.0,896153.4040044242
3412.871924975302,5.5786028084558,3.220792417167984,3.2906991236939813,1.0,0.0,1.0,0.0,0.0,2.0334368103874487,1.0,0.0,1150438.1725403348
852.7946718071702,4.935173051765447,2.7573920375830525,2.8916260533020552,1.0,0.0,1.0,1.0,1.0,2.507848311939054,0.0,0.0,769024.9767147499
4119.530302100682,3.113111652917885,1.7860865643903332,2.7440896206427743,0.0,0.0,0.0,0.0,1.0,2.377820829307761,0.0,1.0,856279.6386549493
4957.521315605389,1.0517696362351927,2.3259388090942483,3.709994310668428,1.0,1.0,0.0,1.0,1.0,0.9470254958331825,1.0,0.0,1078685.726438147
2926.9022222880126,4.289281278855356,3.299806111003324,1.5522138784330006,1.0,1.0,1.0,1.0,0.0,1.6734942002286903,0.0,2.0,1057454.0990085732
922.5241486416814,4.141467327625584,3.5309414407250226,3.091337520664248,1.0,0.0,0.0,0.0,1.0,2.5366728760900497,0.0,2.0,865147.1145754878
3759.391364370059,4.080599588669281,1.968562875908958,3.036464577796581,0.0,1.0,0.0,1.0,1.0,2.107081067749805,1.0,2.0,1145987.1288356367
2625.4045892557333,1.3074105855430909,1.2154444859189975,3.8234090793265914,0.0,0.0,1.0,1.0,1.0,2.9170722982891135,0.0,2.0,723824.9704599688
784.5797745570326,3.6548299417626287,2.824431485029013,2.796022111727651,1.0,1.0,0.0,0.0,1.0,1.985208464809201,1.0,0.0,819661.9639048984
4809.273264075847,1.6377511247635004,3.9387891081333404,2.1193694404367274,1.0,0.0,0.0,1.0,1.0,3.7213096575853113,0.0,2.0,1144682.275229478
2737.564947895186,4.88870909960553,3.9310546408010962,3.058352705884495,0.0,0.0,0.0,1.0,1.0,2.4711171816063784,1.0,2.0,1129639.8766185723
2509.210764896511,4.153788194237772,2.7139303440668447,1.938941645289223,0.0,0.0,1.0,1.0,1.0,2.7403050979047903,1.0,0.0,900339.0029852195
3565.6120668014223,4.1821739468153885,3.302882469711361,3.3071072756843627,1.0,1.0,1.0,1.0,0.0,0.6889234883321684,0.0,1.0,1011690.7100574968
2324.5150222471657,4.165973011049985,3.9827806215151025,1.0247538051164562,1.0,0.0,0.0,1.0,1.0,1.2538249814286937,1.0,0.0,908665.8381168776
2712.032411687403,2.0655291781451393,1.8642512252589234,1.8180575483508905,0.0,0.0,0.0,0.0,1.0,1.7383220031856004,1.0,1.0,759966.5097627277
2208.1651051162225,4.847312306515259,3.58162477186223,1.9634530612388805,1.0,0.0,0.0,0.0,1.0,3.5186316555438335,1.0,2.0,1117313.2258417322
3478.042563765561,4.726494465589504,2.8464134235376966,1.2151304058800494,1.0,0.0,1.0,1.0,0.0,3.8677749943836304,0.0,1.0,1056757.5318591523
4587.688465425165,4.364030430796459,2.676918845407605,1.8666573735772163,1.0,0.0,0.0,1.0,1.0,3.3441509089859736,0.0,0.0,992331.4044785172
1809.0456658363478,5.402934960161189,3.6838408904565902,3.4620075030841724,1.0,0.0,1.0,0.0,1.0,3.903466805923843,1.0,1.0,1110457.4434052273
3817.542596678146,4.650348257267538,1.9014445882575381,1.4826447174969701,0.0,0.0,0.0,0.0,1.0,1.487760587409995,0.0,1.0,826572.3429375535
2708.53217665553,3.9047554989498514,3.6621717903679993,3.984994657287923,0.0,1.0,1.0,0.0,1.0,0.8056633061332983,1.0,0.0,957851.6182092819
3973.374595460855,5.85963409619313,2.9811590273299418,1.5133568708264582,1.0,0.0,0.0,1.0,0.0,1.4400134696927402,1.0,0.0,1067732.4398397768
4892.851088576707,4.95894018002767,2.1327659144779143,2.579803352861685,0.0,1.0,0.0,0.0,1.0,1.0956221189241226,1.0,1.0,1167297.0654445577
4522.128188192626,5.63597848019621,3.640402852416142,3.972022971072846,1.0,0.0,0.0,1.0,1.0,3.5580336240684804,0.0,2.0,1348809.0371339736
528.6768720748352,3.2757645134806284,2.4769359621158715,3.8186520037993175,1.0,0.0,0.0,1.0,1.0,1.367720428861075,1.0,2.0,870537.2763679556
1344.6463375922779,1.5643563877640978,2.34208344639828,3.7492401517661555,1.0,0.0,0.0,1.0,0.0,1.2395214807181034,0.0,2.0,602330.6684819981
1860.025353692792,4.403950589717911,3.3146117397536594,2.395530759454992,1.0,1.0,0.0,1.0,1.0,3.901839820851631,0.0,2.0,976393.4237802462
2599.8189515814133,2.962127649171954,2.781278138354782,2.857378639185859,1.0,1.0,0.0,1.0,1.0,1.5548335708031038,1.0,0.0,940548.6521549147
4694.217415095058,5.565675994017742,1.7308311479128544,3.1122943232585554,1.0,0.0,1.0,1.0,1.0,1.3235489889025418,0.0,2.0,1195866.0604539476
4279.813328799476,2.8013974628701734,1.446618621793546,3.7089627609958957,0.0,1.0,0.0,1.0,1.0,2.8659127919652843,1.0,0.0,1062550.3141182226
2432.098242638784,5.329840439479304,1.501172266876593,2.6535819547006283,0.0,1.0,0.0,1.0,0.0,3.989629662066335,1.0,0.0,948205.4652011514
3004.1567415485865,4.1256261101705665,2.27546830108962,3.276200416023256,0.0,0.0,0.0,0.0,0.0,0.06371038675690244,1.0,2.0,948741.0569790696
2837.2661775054753,4.771835055101862,1.6637992968703397,2.8559305987146675,0.0,0.0,0.0,0.0,1.0,3.855570137188643,0.0,2.0,946557.8157784733
4510.092723637095,3.530153990730719,1.8139028580300236,3.3301974399418057,1.0,0.0,1.0,1.0,1.0,2.2688336422886994,1.0,2.0,1319536.3383551117
2921.4294793731383,4.622862601450311,1.4641510129789646,1.9264720563206221,0.0,0.0,1.0,1.0,1.0,2.5429220437457936,0.0,0.0,775350.2679887845
3190.90170808741,3.742582973777724,1.6606383157268572,2.1782425372469785,1.0,0.0,0.0,1.0,1.0,3.8735757876435537,1.0,0.0,1008457.0330283019
4082.5031437836737,5.806818404107368,2.2685205557911567,1.15563164601663,1.0,1.0,1.0,1.0,1.0,3.9826704791814764,0.0,0.0,1120395.8337223006
2244.1758730092106,2.545144907488072,2.5851199996940597,3.1449065920107433,1.0,0.0,1.0,1.0,0.0,3.671779913281447,1.0,0.0,907210.4128476027
2685.9449969741345,5.368745383299558,1.5996047233685609,1.8895419602048866,0.0,0.0,0.0,0.0,1.0,0.14765817131058778,1.0,1.0,937884.7525336551
2760.268564136817,4.114558003724461,2.5084580179884624,1.4942853156452027,1.0,0.0,0.0,1.0,1.0,2.748715505583035,0.0,1.0,898316.3373479875
825.8379472777842,3.810075779976854,2.649389567753465,1.2680375418825212,1.0,0.0,0.0,1.0,0.0,1.0985005135466146,1.0,0.0,669786.204438597
2355.482301288816,4.901416829027454,3.0633442592304156,2.8855451853348253,1.0,0.0,0.0,1.0,1.0,3.3541291607028816,1.0,0.0,1054039.7935267945
2025.4473388438892,3.324962577531906,2.743644362674786,1.2184997015910024,1.0,1.0,1.0,1.0,1.0,1.4588417132098028,0.0,0.0,796111.3725952866
4158.473012066057,3.7074027901593443,2.1989946877749142,1.4342717388540813,1.0,0.0,0.0,0.0,1.0,2.315589270584792,1.0,1.0,1089231.2088854122
1449.7225516324781,1.9914393441730263,1.7743667323384031,2.730288701390962,0.0,0.0,0.0,0.0,0.0,0.7834273465924202,1.0,2.0,623530.8229030332
4455.920775018492,5.290878963774492,1.6172019440884522,2.8713676549130676,0.0,0.0,0.0,1.0,1.0,3.2027060082315657,0.0,0.0,933878.1059145831
4032.047402434308,5.958012256935076,2.2194290954895726,1.2135826056642947,0.0,0.0,1.0,0.0,1.0,3.2783751871648557,1.0,0.0,1132992.6769505949
1596.3844415958604,3.588758030522802,2.8867624579675026,1.326225631793563,0.0,0.0,1.0,0.0,1.0,1.4476653416263474,1.0,1.0,829614.5920008894
2036.114608048738,1.8163075126367003,3.907782096017203,1.8589658089265442,1.0,0.0,0.0,0.0,0.0,0.060695113439622084,1.0,0.0,709838.0300686138
608.4673053465738,3.5574342891460766,3.5003917702941667,2.2793539205805606,0.0,0.0,1.0,0.0,1.0,2.594376393151717,1.0,2.0,891093.0652197431
4841.780612187957,3.153464950726869,3.709944415133417,1.9734017551773801,1.0,1.0,1.0,1.0,1.0,2.0470684601563125,0.0,0.0,1051328.24957981
2529.4595283509225,2.5870400125948914,3.0064454132993053,1.00073156712897,1.0,1.0,0.0,1.0,1.0,2.386026530252358,1.0,2.0,1103070.4416446511
1159.4520087953179,1.4011935302787195,2.313099172601568,1.4763984132733667,0.0,0.0,0.0,1.0,1.0,0.9762769694977775,0.0,2.0,552658.3566844306
3686.821183370171,2.8792718064687297,3.3295872579185897,3.5273506924818516,1.0,1.0,0.0,0.0,1.0,0.9281232722740418,1.0,2.0,1214463.4945123696
2820.973040009846,1.776374977439107,2.9625096109776408,2.0781941724041557,1.0,0.0,0.0,0.0,1.0,2.1863005005506464,0.0,2.0,823855.6276599212
2039.4427386807565,2.2726407624953873,1.5835975534653954,3.2354247838319,1.0,0.0,1.0,1.0,0.0,3.5167368939437944,1.0,0.0,867115.2228143205
1776.1037482961021,2.9579871623731746,1.8793739649333485,3.6280812144208787,0.0,0.0,0.0,1.0,0.0,2.331566167812454,0.0,2.0,664070.5898414956
542.3675291067727,3.4809013036024408,1.3752384026765714,3.9862898444944745,0.0,1.0,0.0,1.0,1.0,0.301463099418525,0.0,1.0,549005.6291729431
1994.2249488846599,3.515844664112281,1.4246774188741667,1.7609190488565796,0.0,0.0,0.0,0.0,1.0,3.356458548167085,1.0,1.0,812187.4102570782
2519.9551819150674,3.310138114909398,1.1652065497363677,1.1572875918303496,0.0,0.0,0.0,0.0,1.0,2.9560039378753897,0.0,0.0,620928.0174711433
1449.8005341062665,1.3260775473355126,2.3444297909437175,3.682656380905212,0.0,1.0,0.0,1.0,1.0,2.7595171682345816,0.0,1.0,627467.1201117979
4010.2047294069066,3.922973618249729,3.8356418805987564,2.222272474649854,1.0,0.0,1.0,0.0,1.0,2.8165643733927155,1.0,2.0,1331034.5407013672
3811.2651081706485,3.027157472698462,3.3053228305685183,2.0437276508043576,0.0,0.0,0.0,1.0,0.0,3.0565266731267204,1.0,2.0,1098389.957356941
1977.4880235525493,5.039641723985108,3.4781842336181077,3.952175468465012,0.0,0.0,0.0,0.0,1.0,3.254567994951585,1.0,0.0,876910.4734792067
3259.7662569046724,2.9235200099147463,1.1113082415138038,2.343910411396246,0.0,0.0,0.0,0.0,1.0,3.3513788350339375,1.0,1.0,929522.3479281574
2906.5508706548544,1.0364841770796265,2.316511762177044,3.6689082336474685,1.0,1.0,0.0,1.0,1.0,3.6041120851119928,1.0,1.0,1013820.3565363114
520.0879007226417,1.488934857749015,1.1171046825885067,3.044718696340675,1.0,1.0,1.0,1.0,0.0,3.023254172292405,0.0,2.0,660050.2008793519
1000.0414465115721,5.054635370230901,2.031045928359631,2.8932468723940867,0.0,0.0,0.0,1.0,1.0,2.3653227439318787,0.0,1.0,703074.2895962676
1348.656300660081,1.4160957861288628,1.9519327470629884,2.7647242614226686,1.0,0.0,0.0,1.0,1.0,2.1234774284325084,0.0,0.0,574554.5944267553
4876.287817111911,3.7421553294577294,2.742243752206928,3.454128594261104,0.0,0.0,0.0,0.0,0.0,2.1913698043725294,0.0,1.0,994249.8782278129
4929.450930452698,5.828023321602805,3.6101265142838734,3.430492929639029,0.0,0.0,1.0,0.0,0.0,2.2182103339191883,1.0,0.0,1224514.8028779428
1399.8319095916875,3.2833474196473382,1.8522413213449604,3.3853965561296535,1.0,0.0,0.0,1.0,1.0,0.1654618237972425,1.0,0.0,746631.1339509638
801.5604991774276,4.308241113300485,2.960271290763803,2.130225037075836,0.0,0.0,0.0,1.0,1.0,2.429157040747336,1.0,1.0,736381.553060864
4052.417482526971,5.708687960052958,1.6344729357275216,1.3255886520895728,1.0,0.0,0.0,1.0,1.0,1.9435756052999107,1.0,0.0,1140338.4908354508
2971.4347790688075,4.634016046922264,2.9368115431426056,2.224965205537707,1.0,1.0,0.0,0.0,0.0,1.5177919801307702,1.0,0.0,1007076.5358995401
1318.381869238135,1.744412834728867,1.3886990594718898,3.970656223590048,1.0,0.0,0.0,0.0,1.0,3.504042678970209,0.0,0.0,581540.7444512062
1434.3586632747226,4.220884148354653,1.8522895974827052,3.912082148661999,1.0,0.0,0.0,0.0,1.0,1.3786562810542984,1.0,1.0,860103.7450684481
3687.103147826175,5.38272475079204,2.3803766054335807,2.45810027397781,1.0,1.0,1.0,1.0,1.0,0.5456144852816651,1.0,0.0,1186810.4587890096
3006.3544480217115,4.407100517092541,1.554749809010337,3.543742747858969,1.0,0.0,0.0,1.0,0.0,3.3733675963275207,0.0,2.0,983333.7829251792
2985.202947250181,4.856870118685759,2.5187185682769764,1.9495000610611575,1.0,0.0,1.0,1.0,1.0,1.046502186608211,0.0,1.0,965305.0736671679
4542.208108426206,2.9830268861858267,1.9709884919652338,3.5925485695941344,1.0,0.0,1.0,0.0,0.0,3.763126917575235,1.0,1.0,1151635.108058019
4052.5827178231107,1.1387706165385216,3.5922041545503487,3.2981777475786025,1.0,0.0,1.0,1.0,0.0,3.707485479273563,0.0,1.0,905818.6060218657
2409.876443298153,2.320088345269136,3.709030682934561,1.6438855295231316,1.0,0.0,0.0,0.0,1.0,1.7060624282080372,0.0,2.0,817606.9350919256
1607.829071363165,4.1316114856041,2.122572323771138,3.385866800409016,1.0,0.0,0.0,1.0,1.0,2.221654739153352,0.0,2.0,818999.9304305278
3571.5566511944908,2.7162976106299377,1.9567770607857091,1.2951521892676536,1.0,0.0,0.0,1.0,1.0,3.5373078551545785,0.0,1.0,942113.9955064883
4367.148182754856,2.5021585503906696,1.246231724751488,1.6293849297254164,1.0,0.0,1.0,1.0,1.0,1.9262955196403482,1.0,1.0,1082076.1158344953
936.2552824177214,3.7924383900910756,3.052325963946,3.024248130928817,1.0,1.0,0.0,1.0,1.0,2.056155844085433,0.0,0.0,716880.9247126633
3239.3024696479883,2.3488793199684124,3.333835249653672,3.517299304844996,1.0,0.0,0.0,1.0,0.0,3.288330084197457,1.0,1.0,986370.9614557863
1366.7927424663771,1.46346278609261,2.9776369593927594,1.0453871985518108,1.0,0.0,0.0,0.0,1.0,2.0268075741560274,0.0,2.0,685826.7894385286
3159.3712546417364,5.874575799732237,2.5341176643770047,1.8819621492947713,0.0,0.0,1.0,0.0,1.0,3.5032762340598023,0.0,2.0,1075808.3528198886
1053.0339513572894,4.145267685645544,1.045048571764684,2.2371845387316185,1.0,0.0,1.0,0.0,1.0,3.48279697226228,0.0,1.0,705470.2078016246
2212.437965626714,3.382429428560018,3.32649849722268,3.6517160654261582,1.0,0.0,1.0,0.0,0.0,1.4294231768939802,1.0,0.0,871232.1015697627
4368.507750061421,3.2141103795965145,1.9151130460262997,1.0970645714431217,1.0,1.0,0.0,1.0,1.0,3.7101843973207203,0.0,0.0,978654.3742729306
1245.10353539002,1.5932057627509901,3.9576933234237703,1.8640929818904566,0.0,0.0,0.0,1.0,1.0,3.0844699076291766,1.0,0.0,653155.4262897186
3663.3860380516044,5.637604519123397,3.3061721857613673,3.3055278548350624,1.0,1.0,1.0,1.0,1.0,0.8134684564550048,0.0,2.0,1192813.4976414675
4938.635420442789,2.6272194909508664,1.1190920371745712,2.157935747677417,0.0,0.0,1.0,1.0,1.0,3.141664607820826,0.0,0.0,878868.1041116365
3158.1368365758385,1.0857539623306158,1.81748885870658,1.9063169688254982,0.0,0.0,0.0,0.0,1.0,2.9705205568317803,0.0,0.0,597315.5375994751
2511.836373466443,1.838805629572773,2.3886598559783385,3.4205149878679113,1.0,1.0,0.0,1.0,1.0,2.1176995996231947,1.0,2.0,1093790.2896680925
4330.5031350080135,3.407756874569457,2.2829357151161656,1.5299563954737179,1.0,0.0,0.0,0.0,1.0,0.5285897267109467,0.0,2.0,1010278.1677709374
813.9052614044092,3.7849054971536846,3.9131198585554268,1.394132796353387,1.0,1.0,1.0,0.0,0.0,2.4244646953631284,1.0,0.0,843973.3665677279
905.323606015058,1.1746840353081902,1.768975712012634,1.2084642439770013,1.0,1.0,0.0,0.0,1.0,0.041761062665139015,0.0,1.0,529339.3266468758
4666.108972102966,3.021849926584167,2.2560369165239247,2.367650988071978,0.0,0.0,0.0,1.0,1.0,2.6732700543173173,1.0,0.0,1041970.5136458327
2722.270329947958,4.785350519662486,2.5933588459274537,2.286999760775749,1.0,0.0,1.0,1.0,1.0,0.9664847353761008,1.0,1.0,1114956.474714342
788.2853632137233,3.4068840332176866,1.4655416347523451,3.1795130359794532,1.0,1.0,1.0,0.0,1.0,2.3692230787129276,0.0,1.0,699310.7723949064
4364.649179675085,4.8407844829301565,1.2652321987215964,2.457523617191195,1.0,1.0,1.0,1.0,0.0,2.718602299346946,0.0,1.0,1073382.8993218117
3598.955673791279,4.594854522533577,2.7414753345979497,3.8454570830847934,1.0,0.0,0.0,0.0,1.0,0.7329612602068272,0.0,1.0,985328.1626833844
1038.009797854313,4.455032392432593,2.2298718300010316,2.1699699431830286,1.0,1.0,1.0,1.0,1.0,1.5582745969014642,0.0,2.0,845331.938859905
1025.2805958920358,3.9614421883561084,3.6125686920777005,1.1416966756533977,1.0,1.0,0.0,0.0,0.0,0.3175834455284985,1.0,1.0,820174.9309272545
879.4425540600002,1.0065081351244167,3.0197005830584285,1.9808872459624378,1.0,0.0,0.0,1.0,1.0,0.1836254191965203,1.0,2.0,732838.3271251387
4680.765805921163,4.300579941534058,2.419311670360518,2.669989139265199,1.0,1.0,0.0,1.0,1.0,1.1550283138663326,1.0,1.0,1226664.9600633217
1651.4655515484285,4.11532092830232,3.895906474377613,3.6930310152294856,1.0,0.0,0.0,1.0,1.0,1.337556376735538,0.0,0.0,767372.1954566553
2494.860462555847,2.525303682913658,1.1173252930905517,2.949631884664621,1.0,1.0,0.0,0.0,1.0,1.6389353320474536,1.0,0.0,871301.3551579992
3811.09005239021,3.2473481908136783,2.7708757762899583,2.0945618002791146,0.0,1.0,0.0,1.0,1.0,3.3377604260883107,1.0,2.0,1154652.6792830087
1505.5460563933595,5.589093060668433,1.8992016935340865,1.5324005102372231,0.0,1.0,0.0,0.0,1.0,3.7039851274532696,0.0,2.0,812510.1421353563
2161.098929528007,5.090306970728895,1.129248916301759,1.3742927701945884,0.0,0.0,0.0,1.0,1.0,3.2451608504715805,1.0,2.0,943232.092110074
2486.070039372982,5.974624706842458,3.8726002137274804,1.7573171092142532,1.0,0.0,0.0,0.0,1.0,3.217491284693712,1.0,0.0,1111490.1561180358
1525.3508767386643,4.869692823820017,2.697665614649408,3.5621979937299875,1.0,0.0,0.0,1.0,1.0,1.6350363372338075,0.0,2.0,909458.527422232
649.4812179903627,3.446241977450103,2.9181942393945235,2.421838324909448,0.0,0.0,0.0,1.0,1.0,0.6735296528705179,1.0,1.0,656878.0230935274
587.181945712045,1.6317629888177556,1.270361389134105,2.863630922477308,1.0,0.0,0.0,0.0,1.0,1.3486134934208511,1.0,0.0,527057.7096459604
4657.051591847249,2.155658294766643,1.300844749044648,2.9585791575280664,1.0,1.0,0.0,0.0,1.0,1.2521057506381856,1.0,2.0,1208653.4231556978
4298.828453561355,5.206629768347873,3.2619582166750614,3.02602518250087,0.0,1.0,1.0,1.0,1.0,1.5478599579705303,0.0,0.0,1030133.5877338868
4050.1077254681154,5.616683089429225,1.1692356245320983,1.6216188479655052,1.0,0.0,0.0,1.0,1.0,3.661144233398934,1.0,2.0,1273315.1892078286
1281.838419756633,1.4153866409939588,2.0144097624559194,3.8813228646344706,1.0,0.0,1.0,1.0,0.0,2.852809092117546,1.0,1.0,778150.0742508223
3180.044407671521,1.6425631921713137,3.5986267849711293,2.3772904163544157,0.0,0.0,1.0,0.0,1.0,1.2167852877296719,1.0,0.0,839234.2419473571
4057.343574360238,4.059195113778825,2.1122944635988574,2.550698504987464,1.0,1.0,0.0,0.0,0.0,0.408585045151475,0.0,0.0,922782.0925356334
3063.108145787961,1.2541968405145012,1.158870343357674,1.2852127013135408,1.0,0.0,0.0,1.0,1.0,1.472953598418024,1.0,1.0,810228.182545254
527.1415827461301,1.447610457652149,3.1550978688952567,3.986766040881995,0.0,0.0,0.0,1.0,1.0,1.2953183647466977,1.0,2.0,671113.6511549277
3753.7954810372075,5.254405986690699,2.8977512749833823,2.525011701427123,1.0,1.0,0.0,0.0,1.0,1.1708611881935473,0.0,0.0,998041.4226102734
4941.416243572909,3.1428621828635164,2.556839588415533,1.7187863400180758,1.0,1.0,0.0,1.0,1.0,3.8938274569891345,0.0,2.0,1235225.1603210734
3161.3259389714185,1.5146976604777176,1.9513161386933495,3.505547990829094,1.0,0.0,1.0,1.0,0.0,2.00122920107209,1.0,1.0,943277.6791238736
4888.251329790845,3.4020798151521072,1.3188187249093706,3.3277957442951296,1.0,1.0,0.0,1.0,0.0,3.379610194545208,0.0,1.0,1060018.39142966
1090.0361745291516,2.1927240644496995,2.290473187052495,2.2173560209846217,1.0,0.0,1.0,1.0,1.0,3.6809965793468713,0.0,2.0,741330.3492130421
4977.169514872394,2.5070670203559553,2.0232297663560583,1.8044418585370419,1.0,0.0,0.0,0.0,1.0,2.4605784337202428,1.0,0.0,1112541.955757963
4493.9139890386505,5.642433648721208,1.712405322519087,1.485135224796265,1.0,0.0,1.0,1.0,1.0,2.479720366868473,0.0,2.0,1218509.051292159
3522.6295030183337,3.654877255533857,3.8510666135057976,1.6562641776758167,1.0,0.0,1.0,1.0,0.0,1.3825785452803308,1.0,1.0,1090514.0836774802
946.5637592890109,3.5728557640796366,2.443966408375023,1.3766774371997283,1.0,0.0,1.0,0.0,1.0,0.018390897843308274,0.0,1.0,603267.2360157801
1776.465077276803,3.387876472019528,2.8441102624843655,2.688489036238926,1.0,0.0,1.0,0.0,0.0,3.473668412196248,0.0,1.0,799089.2786270148
2084.619691863779,2.991282702423077,3.1742580059521246,2.3328449608950503,1.0,1.0,1.0,0.0,1.0,1.7082159500451581,1.0,2.0,1063193.5246962141
2167.9553691400574,2.547311511397674,3.7497158602128557,2.8192913358676632,1.0,1.0,1.0,1.0,1.0,3.250620347585995,1.0,2.0,1149803.6445559235
4916.306967848147,1.438157071353198,3.5344523516688633,2.3618710039931323,1.0,1.0,1.0,1.0,1.0,0.74752337082976,1.0,1.0,1251140.0749425096
922.071629181542,2.780393406591924,2.955429010719252,2.46307413055488,1.0,0.0,1.0,1.0,1.0,0.7321803281005046,0.0,2.0,698073.8500455612
3984.4784299531425,2.238047170841053,3.290918093812505,3.049543409232775,1.0,1.0,0.0,0.0,0.0,2.080819879920506,1.0,0.0,990430.3203218497
1548.50966939031,5.596490756855647,2.2302009760022496,2.885548285879569,1.0,0.0,0.0,0.0,0.0,1.7366793121701036,0.0,0.0,666544.5371730627
3872.6987586728897,1.146908105257898,2.314741598149122,2.5785361320629576,1.0,0.0,0.0,1.0,1.0,2.0227975657656145,1.0,2.0,1039127.1619736651
4681.550359822818,5.900148665308434,3.81895368063564,2.3839391855890675,1.0,1.0,1.0,1.0,1.0,0.7834822058931472,1.0,0.0,1378540.39820387
2520.4305560028643,5.198396238357425,3.558118767673935,3.2917477947981673,0.0,0.0,1.0,0.0,1.0,2.5703712529398457,1.0,2.0,1160814.9927986104
1913.4668829034954,3.1332004076186353,3.8621871381446224,3.682744219958937,1.0,0.0,0.0,1.0,1.0,2.350283578414582,1.0,2.0,1036913.5078138405
3199.7308988382724,1.8040936625119788,1.9674027084838586,3.2542231831008346,0.0,1.0,1.0,0.0,1.0,0.06229996720848785,1.0,1.0,852273.9793703035
2025.5727680877123,3.4821347568287946,3.7450262956020612,2.456561724424405,0.0,1.0,0.0,1.0,1.0,3.9914664167816127,0.0,1.0,809209.5535797132
1331.329665488549,4.976357850520947,3.0998472206589724,3.2318142513606722,1.0,0.0,0.0,1.0,1.0,0.7903925037195494,1.0,1.0,978091.4524324887
3654.8597078637204,1.8298845886767925,1.310406458437506,3.744654373632975,1.0,1.0,0.0,1.0,1.0,2.06848809332711,0.0,0.0,835418.0484765877
4144.120663411937,3.9356600116106257,1.1226762013011768,2.8097468724909582,0.0,1.0,0.0,0.0,1.0,1.2708094100640404,0.0,2.0,968574.517610927
1204.371014192482,2.0654620788788605,2.7508045170159745,1.1906098600677333,0.0,0.0,0.0,0.0,1.0,3.786389307373166,0.0,0.0,473078.0997989074
2898.446726862604,4.31050428056135,2.283818762586498,3.030918482438853,1.0,0.0,0.0,1.0,1.0,3.185769756571565,0.0,2.0,974945.2060400471
807.0677157416549,1.4491533900448674,2.0355985350251418,3.1579132978423052,1.0,0.0,0.0,1.0,1.0,3.985438677379503,0.0,1.0,570660.1385853712
3649.460653335261,4.351884078016427,1.327377974179908,2.062106683519728,1.0,0.0,1.0,1.0,1.0,0.9086789155625219,1.0,0.0,1069974.0009448542
2241.1690282583586,4.153443081822518,1.655439312571671,1.9695195129380472,1.0,1.0,0.0,1.0,1.0,1.777617885577885,1.0,1.0,1002011.7833299158
2640.033712472071,4.034906408566831,1.61592036338639,3.906562518560836,1.0,1.0,1.0,0.0,1.0,2.3134898633428858,0.0,1.0,988085.6744046732
1775.7010457129193,3.1573945142850706,2.2026604941977794,3.435569012431108,1.0,0.0,0.0,0.0,1.0,1.1232453916354785,0.0,0.0,694508.8847503677
4114.460533182099,5.037626528337931,2.389709078121061,2.0507636335284793,1.0,0.0,0.0,1.0,0.0,2.729076970191243,0.0,0.0,908265.062282378
1668.2955662711179,2.8722872535872224,3.868722608178859,2.6237898213765876,1.0,0.0,0.0,1.0,1.0,0.7740043756279347,1.0,2.0,964562.7385025865
2321.980643654965,1.7843271716670441,3.71796679155174,2.907969149267272,1.0,0.0,1.0,0.0,0.0,3.1701853970622924,1.0,1.0,979907.1470565962
794.6647401329071,2.355923489401504,3.3025301859368454,2.78411850051903,1.0,0.0,1.0,1.0,1.0,3.0105751760614154,1.0,1.0,862109.6936525627
1387.154295937755,2.81192122986002,3.105009280550142,1.5616640962209496,1.0,1.0,0.0,1.0,1.0,0.359069782071467,1.0,1.0,843344.644709445
4963.72274349078,4.679323477747102,3.6580438201478027,2.2770682289083606,1.0,0.0,0.0,0.0,1.0,1.9443170675588552,0.0,1.0,1124868.2130856405
2362.7587237200764,3.9613258217558913,2.5702162590709188,1.550951357639581,1.0,0.0,0.0,1.0,1.0,2.674656492342284,1.0,0.0,877904.0917325474
1244.875853314314,3.4528467682187536,2.557282568122097,3.531234187574756,0.0,1.0,1.0,1.0,1.0,2.783359236500851,1.0,0.0,779521.9427398082
3299.475357952538,3.71787887451709,3.4398788628003305,3.7162026985064722,1.0,0.0,0.0,1.0,1.0,2.386281055737731,0.0,1.0,992748.9884444366
4313.851031577155,2.0400984130605107,1.0365690833786962,1.4673483540055634,1.0,1.0,1.0,1.0,1.0,2.2825130247345307,1.0,0.0,1008001.7609757787
4907.793677636283,1.6178018584307043,2.6770649206865618,3.0291524598457897,1.0,1.0,1.0,1.0,1.0,0.5523472709552992,0.0,1.0,1016012.071078737
3994.46002590775,5.508765780362317,3.899186541599473,3.972657014178467,1.0,0.0,1.0,1.0,1.0,1.2587096286098935,0.0,2.0,1245021.424669211
2395.85474512577,1.1065079780971256,2.508301350232283,2.1485599149941237,0.0,0.0,0.0,1.0,1.0,2.387354591988947,1.0,0.0,711748.4548929809
2887.175164370474,4.269086755721261,3.7812803827504045,2.3819894384543048,1.0,0.0,0.0,1.0,0.0,0.5448555789130234,1.0,1.0,1037271.7825651154
2297.9011321739245,5.922652264920792,2.2872856669285544,1.6835823880937413,0.0,1.0,0.0,1.0,1.0,1.0353702007975283,1.0,1.0,1002021.3675911056
3771.6864761844054,4.34645364881837,2.6445774419203962,1.1784674673112028,1.0,1.0,1.0,0.0,1.0,3.687801754578958,1.0,2.0,1311425.7294105042
1581.5415243847845,1.875154450965413,3.149970829012158,1.6101237643173607,1.0,0.0,1.0,0.0,1.0,3.5062634034726106,0.0,0.0,663767.6337175845
1909.159207810653,4.38947402458575,1.3088525841017582,3.2392451613445012,1.0,0.0,0.0,0.0,1.0,3.4117245519144177,1.0,0.0,882027.3073291483
3634.198689273322,5.1219181937372635,2.7231299382297354,2.0283402010401614,1.0,1.0,0.0,0.0,1.0,3.872376089646828,1.0,2.0,1306515.2875179066
4244.6515662479815,5.631857587664875,1.8187258529712376,2.993589622227975,0.0,0.0,0.0,1.0,0.0,2.5116489891589726,1.0,2.0,1235647.6563172017
1832.0975113307202,1.6776331937473623,3.4629993045631804,2.0747668250329268,0.0,0.0,1.0,0.0,1.0,0.5934091188953436,1.0,1.0,787613.3495886954
1028.5915772932817,1.1037725663657785,1.2039956956768023,2.0577260081855018,1.0,0.0,0.0,0.0,1.0,3.904815789185516,1.0,0.0,594734.634276888
2724.8528814238407,4.5913365227514324,3.584576305114516,1.6579986158225288,1.0,0.0,0.0,1.0,1.0,1.9769247010579996,0.0,0.0,831000.474903202
3926.6128015784307,3.3046317169565422,2.1775290319984624,2.1382350683558844,1.0,0.0,1.0,0.0,1.0,1.0527938653884972,1.0,2.0,1143694.530527249
3981.580528734577,5.157704038521598,3.8270409298648014,3.5951301196185312,1.0,0.0,1.0,1.0,1.0,0.2712782793993007,1.0,2.0,1361542.3062806665
4112.439686586294,5.906677266624629,2.0158027721231297,3.3807999591454694,1.0,0.0,0.0,0.0,1.0,3.480788969836251,1.0,0.0,1220853.8013884618
905.6105520799131,4.40887012904902,1.0859006177294608,3.3606119440965907,0.0,1.0,1.0,0.0,1.0,1.9749667580277164,0.0,1.0,653897.0923420596
2740.8834904312143,5.818955860973561,2.1765679796251556,3.7375392683280158,1.0,0.0,0.0,1.0,1.0,1.6036285347331658,1.0,1.0,1130583.093305957
2419.191948061769,5.572267825095172,2.7621468132212965,2.78914466943671,1.0,0.0,0.0,0.0,1.0,2.926433671280906,0.0,2.0,1052573.2133795056
532.8342892288523,1.7664538865170334,1.7269208094444748,3.6350141748271256,1.0,0.0,1.0,0.0,1.0,1.7818538784662339,0.0,2.0,624414.5908368741
866.5124205063084,4.838844590851673,1.436699789028289,3.096272107240497,0.0,0.0,0.0,1.0,0.0,3.215408029234447,0.0,2.0,683381.31378082
4890.040872197941,2.3253044741966025,1.7233423860539996,1.5122029406528235,0.0,0.0,0.0,0.0,1.0,1.6772898207213558,1.0,1.0,1024508.8624253868
2642.543614654367,3.721624194118152,3.5224458227527258,2.5899250413515933,1.0,1.0,1.0,0.0,1.0,2.674661550801262,1.0,1.0,1119827.1668529566
4028.7454299074275,5.1105717140233144,3.5082223756322213,1.8743253061429335,1.0,0.0,1.0,0.0,1.0,2.644516823040572,1.0,0.0,1203024.47507855
1018.5682148261072,1.6794946521788814,3.598696439441085,1.512898190354033,1.0,1.0,0.0,0.0,1.0,1.6835622179224057,0.0,1.0,672389.6073009018
4022.5754562474444,2.71610278468578,2.393017466474575,3.879669033602653,1.0,0.0,0.0,0.0,1.0,2.567113263448868,0.0,0.0,857725.1029858263
2906.992106986406,5.678978565258226,1.4841158773934486,2.567892394764831,1.0,0.0,1.0,1.0,1.0,1.471341796690484,0.0,0.0,914002.9059165767
4407.209214662329,3.045342150769894,3.749315011320667,3.7184522578816237,1.0,0.0,0.0,0.0,0.0,3.1835431664765395,0.0,2.0,1154586.3072182713
2288.3949054535096,1.5838728107819735,1.682361234876379,3.8650586638264715,1.0,0.0,0.0,0.0,1.0,3.387654656993626,1.0,1.0,938592.1197313875
1748.8769744129693,5.7253978682253885,1.3136458851531698,2.1004662145630553,0.0,0.0,1.0,1.0,1.0,2.684101177009534,0.0,1.0,798923.2400260114
3288.995080891951,5.732301663794,3.602358380932923,3.3917398506165366,1.0,0.0,1.0,1.0,1.0,0.5803861516431477,0.0,2.0,1159675.3310909201
3376.7235296014014,3.893635687638374,3.6340110608994727,2.8791155814126705,1.0,0.0,0.0,0.0,1.0,0.6118284945989743,1.0,1.0,1105387.8678220876
1237.4211133530766,1.8340141201730655,3.4935807178733658,1.9556439305132132,0.0,0.0,0.0,1.0,1.0,3.6652933725232453,0.0,1.0,549350.2873680078
2574.297364007163,2.066244442110481,1.7281006287879341,2.289683619774454,1.0,1.0,1.0,0.0,0.0,3.2593297154242817,0.0,1.0,769285.1221479019
3734.6300574309926,1.240122127168364,2.64178015303652,2.5469727059838676,1.0,0.0,0.0,1.0,1.0,1.9712291920134097,0.0,2.0,972457.6272844741
1880.7881679274644,4.083011306172956,2.819071520531627,1.120360175594991,1.0,0.0,0.0,0.0,1.0,2.5957114198487226,1.0,2.0,1057703.777222126
2072.1589426033233,2.650117047985995,1.645396609034599,1.8310195450453586,1.0,0.0,0.0,0.0,1.0,3.7399903098223275,0.0,0.0,682052.9609491887
3104.4926737308897,1.063439176912049,1.080061803943289,1.1901529757693363,1.0,1.0,0.0,1.0,1.0,3.1772293907626468,1.0,2.0,984383.2686030129
2077.8424953286726,2.5940886627335593,2.9464056211017313,2.8173521434127347,0.0,1.0,0.0,1.0,1.0,1.691906233496093,0.0,2.0,817291.0073384852
2284.101105607224,3.2114682357080073,1.444714174950134,1.1150043182235534,1.0,0.0,1.0,1.0,1.0,0.9197814500382995,0.0,0.0,720387.3324814484
4454.185030266941,4.2496447192412585,1.197857558848611,3.621123206785697,1.0,0.0,0.0,0.0,1.0,3.376011135191365,1.0,1.0,1214535.6182072335
3876.303949531611,1.0331547838180068,1.469064716028735,2.5273072531557013,1.0,0.0,0.0,1.0,1.0,1.0210317639538173,0.0,1.0,782140.2775690494
4833.520969750378,1.6335574728019477,2.3164655085124415,1.656624449873696,1.0,0.0,0.0,1.0,1.0,3.5698587540117312,1.0,2.0,1239691.1715586418
3138.1495194719687,3.816614358633436,2.771987654182511,2.6729595424747283,1.0,0.0,1.0,1.0,1.0,2.339105250344798,1.0,2.0,1166047.457755291
770.9043088780766,3.1105303066630245,1.9112098301490736,3.3527023944613212,1.0,0.0,0.0,0.0,1.0,0.24480722040383807,0.0,0.0,486770.3251775233
1198.4668342096047,3.0045250384691493,3.873381068474075,2.7484322665569065,1.0,0.0,0.0,0.0,1.0,1.3636039718062243,0.0,1.0,735181.0369904891
1997.791170281402,1.430480865104731,3.020634355897744,3.358289357003618,0.0,1.0,0.0,1.0,1.0,2.5979175703608712,1.0,0.0,736581.0559509698
3329.186886838469,5.637476718289117,1.214636937794634,3.607845918277178,1.0,1.0,1.0,1.0,1.0,0.2596719308065669,0.0,1.0,1056725.1346803438
1389.6593241986482,3.2283002485224546,3.7960742924591235,1.9287417873681854,1.0,0.0,0.0,1.0,1.0,1.522817993513514,0.0,1.0,709757.5981223201
2080.316015041484,2.987083789383519,3.2143790626487014,2.1757738525759938,0.0,1.0,0.0,1.0,1.0,3.172438048618025,0.0,1.0,808511.5550593087
4213.945960031153,2.361976029289119,2.5646702100794405,2.8164008981817235,0.0,0.0,0.0,1.0,1.0,0.4145493323371783,0.0,1.0,857739.4869377395
4249.651981747584,4.870261835863582,1.2005850407020988,3.6823967854149435,1.0,0.0,0.0,0.0,1.0,1.9581745422421042,0.0,0.0,1022915.7983672121
1688.4619243687393,2.4966550326595907,2.014912300266903,2.4181182110167674,0.0,0.0,0.0,1.0,1.0,1.0723105906800265,0.0,2.0,620380.6039996288
2664.882196176922,3.220465622610537,2.606947391652974,1.7678455767637777,1.0,0.0,0.0,1.0,1.0,0.4425285011446949,1.0,0.0,904765.9982292932
3132.4666243436213,4.376609708970434,3.651446901313207,1.2993070716170156,0.0,0.0,0.0,1.0,1.0,0.9952486210762661,1.0,1.0,958580.7433653681
1700.3477330064131,3.492188568613601,1.159263247025005,1.9073951296118852,0.0,1.0,1.0,0.0,1.0,1.6164836641330655,1.0,0.0,720946.9281744501
2867.2437384704826,1.7329051183573454,2.5623469421432654,1.5782426957332711,0.0,0.0,1.0,0.0,0.0,2.5778682379920905,0.0,1.0,677498.0693900188
4789.1881246891135,1.2132785006430438,1.846420096457644,1.6852911248076068,0.0,0.0,0.0,1.0,1.0,1.8878592968892258,1.0,1.0,935697.4834955916
4897.246201593768,1.4556931056969682,1.7579587644713848,1.9130419625556523,0.0,0.0,0.0,1.0,0.0,2.718013959635437,0.0,0.0,736138.3480068555
2181.0151146767494,2.959037959702238,2.8788129793999344,2.330043579416171,1.0,0.0,0.0,0.0,1.0,1.9581239925171188,0.0,0.0,648597.4329666395
2671.53677514082,3.714840606074879,2.3314534441540165,3.041832060497434,0.0,0.0,1.0,1.0,1.0,3.7463091775081274,0.0,2.0,898539.1312096723
1548.3096211789466,2.4250256853218755,3.370359217837794,3.351255692475637,1.0,0.0,0.0,1.0,1.0,3.031551742031846,1.0,2.0,938413.5435490976
2268.9687055646054,2.0472758917724336,2.0465014614604473,2.089167870567337,1.0,1.0,0.0,0.0,1.0,2.0945918426567687,0.0,1.0,804328.2960606593
3275.9294809400244,1.4216005885876084,2.1926685955393905,3.5134156963172405,1.0,0.0,1.0,1.0,1.0,3.3205712467905046,0.0,1.0,941488.3401776779
1316.3615957212264,4.557581310916026,3.699338976035512,2.262268757667024,1.0,0.0,1.0,1.0,1.0,0.6269645756927948,0.0,2.0,898607.8670844161
3872.8947446132615,2.311765935308565,2.6660916202218363,2.297063077173564,1.0,1.0,0.0,1.0,1.0,1.6486409124864556,0.0,1.0,976618.8528942638
4586.240413035972,2.7976912211909566,2.2941120093979164,1.9819555612731374,1.0,0.0,1.0,0.0,1.0,0.17143091260289722,1.0,0.0,1051029.4523184104
2584.1444454259017,3.8721292309871727,1.0781303846212118,2.26029451724329,1.0,0.0,0.0,1.0,1.0,3.5672168443548404,0.0,1.0,886385.2658978646
690.5924340473333,5.757500550619263,2.44768122109924,3.4786470769482927,1.0,0.0,1.0,1.0,1.0,2.357081595009473,0.0,1.0,862727.6275208001
2271.2499120514167,1.5869475658704637,3.9881087542079916,2.818430661174408,1.0,0.0,1.0,0.0,0.0,3.4865842201514674,0.0,1.0,800040.5998597085
3479.9807056786594,3.5418203727576802,1.2709991382378871,1.2022276408944816,1.0,1.0,0.0,1.0,1.0,1.8990256727243047,1.0,1.0,1096967.2764976008
1465.9741973141654,1.3736527496476016,3.4594858263591517,1.7155525313777735,1.0,1.0,0.0,0.0,1.0,3.852847320084426,0.0,0.0,670503.8173587805
1639.9867034120057,4.1558004282675,1.210135889253432,1.7576687790234304,1.0,0.0,0.0,1.0,1.0,1.8429338120330758,0.0,2.0,770546.2104394006
750.7937589833049,1.5520068217086993,2.177722373634994,3.6883115041867427,1.0,0.0,0.0,0.0,1.0,1.213972681832045,0.0,0.0,501492.7273798833
4067.8591362967395,1.661572061346547,1.9848194543840298,3.786237020098162,0.0,0.0,1.0,0.0,1.0,3.024062064301969,0.0,0.0,744678.6913319766
4557.746171107858,3.171974284614092,1.723693741823386,3.8871913913690728,1.0,0.0,0.0,0.0,1.0,1.0684431408174087,0.0,0.0,923460.1881019613
640.8172145483339,4.263392196985462,2.8758583508954567,1.164848321300209,1.0,1.0,0.0,1.0,1.0,0.30704591543533866,1.0,0.0,776581.9309161775
3572.343126583348,5.391664470257933,2.5340455409832567,2.819478355324985,0.0,0.0,0.0,1.0,0.0,0.37291526713893486,1.0,2.0,1034106.809110275
1619.7780917738078,1.8625538163992308,3.110697685755097,1.6899063096666165,1.0,0.0,1.0,0.0,1.0,2.5008666947773,1.0,2.0,916944.5047905477
3586.4141199817195,4.211794354730262,1.8186600739256225,2.2882940967655734,1.0,0.0,0.0,0.0,1.0,2.1991232392585385,1.0,2.0,1206926.6191318599
4471.328725079025,3.4929039317151815,2.3263933571771824,1.5351971194375105,1.0,0.0,0.0,1.0,1.0,0.05527083050238879,1.0,0.0,1000106.2700674449
1120.4993390634868,2.1965452839728883,1.8265146445392935,3.284166276141291,1.0,0.0,0.0,0.0,1.0,2.787493136134132,0.0,2.0,673033.1018852479
2943.779016462129,3.439627425336104,1.3130345027936856,2.857448512770039,0.0,0.0,0.0,1.0,1.0,0.25489338979351217,1.0,1.0,811129.9004587623
3767.5758816264865,1.7753156050178878,3.8509885617644404,1.8076195086719455,0.0,0.0,0.0,0.0,1.0,1.798962710817694,1.0,2.0,1045205.5991583725
2373.7529851536315,2.4178595636749938,2.2670305931053942,3.1782005975289485,1.0,1.0,0.0,1.0,1.0,0.22467192064727914,0.0,2.0,854624.7814360596
2129.6261756013887,1.359165336835906,1.4867884127954392,2.299347587070157,1.0,0.0,0.0,1.0,1.0,3.2749765519435368,0.0,1.0,663548.6411240572
674.8263643873144,1.8228080172975039,1.6843942045904363,2.6527261583855326,1.0,1.0,1.0,1.0,1.0,0.5415590863867035,0.0,0.0,533510.155583101
1571.2512260437181,4.158518139730609,2.1956998810853294,2.5592757199985616,1.0,1.0,0.0,1.0,1.0,2.7196141550750186,0.0,2.0,942592.4895304285
1965.4761522728784,1.549613836074908,1.877272817066268,1.5936244302227847,1.0,0.0,0.0,1.0,0.0,1.639686972093096,1.0,1.0,749586.6791261529
1250.3785832764775,2.426170163597961,3.9854421795775385,2.0344315400134807,1.0,1.0,0.0,1.0,1.0,0.34804730002420303,1.0,0.0,742176.5657838879
2165.901812729604,4.216118927417931,3.0283523092882145,3.592318165607641,1.0,1.0,0.0,1.0,1.0,0.7513708956146816,1.0,1.0,1020777.3706896029
4620.213500910279,1.6022559487128865,2.779025933453636,3.2879617245155606,1.0,0.0,0.0,1.0,1.0,2.3000660445125005,1.0,0.0,1067824.6109807694
2099.210418512361,3.2990316186528217,2.6925100147269485,1.7156731342897826,1.0,0.0,0.0,1.0,1.0,3.103840175884627,0.0,2.0,880719.0056829948
3225.340030528972,5.953333593144417,2.7633612671574195,3.6979901615533293,1.0,0.0,1.0,1.0,1.0,3.7945652997691353,0.0,2.0,1242586.195888518
4457.019150697382,3.5374707920838935,1.2471601333694486,2.0576522379163533,0.0,1.0,1.0,1.0,1.0,1.7402235313354861,0.0,0.0,883906.6137437284
1264.7003125937626,1.2907546342367673,2.238758057837032,2.9259069048107635,0.0,0.0,0.0,1.0,1.0,2.3998399665832304,1.0,1.0,668201.9287722124
2749.318137303895,5.10049018157986,3.942797449699862,1.6445427512873392,1.0,0.0,1.0,1.0,1.0,0.4279714308885465,1.0,1.0,1093037.4733428452
2021.9179380729074,2.339634021014188,1.0215480990008745,2.240644439710964,1.0,0.0,1.0,1.0,1.0,2.7459642769417725,0.0,0.0,630238.4519068695
2015.9571442240585,4.695913399464682,2.908606170353551,2.5096115764232576,1.0,1.0,0.0,0.0,0.0,0.27825292261957557,0.0,2.0,839149.8336002099
2034.445629995769,2.682960947361453,2.1773643046760363,3.04109201530543,1.0,0.0,1.0,0.0,0.0,1.4990239628072315,0.0,2.0,830723.4041489525
1056.506153355117,1.739312306022839,2.361821266140546,2.9872661265989056,1.0,0.0,0.0,0.0,1.0,1.0700234954533245,0.0,1.0,557726.0051925126
4593.952440783532,1.193026532305186,3.731965698057894,3.3332220938149004,1.0,0.0,0.0,1.0,1.0,1.2685385151325193,1.0,0.0,1014604.0191611693
1121.1482981097179,5.0004882568507325,3.7440193874627115,2.0842083224500683,1.0,0.0,1.0,1.0,1.0,1.024318985339213,0.0,2.0,865483.4525362327
4671.304990114867,1.9037153118039964,2.2507961869213813,2.53998842224504,1.0,0.0,1.0,1.0,1.0,3.7351953562694122,1.0,2.0,1253965.6392995855
3291.056204907979,5.632492621598082,2.629418037324127,1.6491070554168792,1.0,0.0,1.0,0.0,1.0,1.969741595132362,0.0,0.0,967496.8639269153
2643.498077060068,5.263913082405751,1.7827591342180973,3.341129168610167,1.0,1.0,1.0,1.0,1.0,0.8087448624536409,0.0,0.0,884265.1860343615
2585.6942173695,1.716564420983643,1.4341334001979436,3.925928167366547,0.0,0.0,0.0,0.0,1.0,2.6674449541592473,0.0,0.0,578225.6240905232
2231.1493115703597,4.446569204630356,3.2486235557846,1.8764746532137861,1.0,0.0,0.0,1.0,1.0,1.9097088813884415,0.0,2.0,981269.1638741284
3061.0096698878247,4.160633514136018,1.8240570947247985,2.472333420186188,1.0,0.0,1.0,1.0,1.0,0.7930684248220166,1.0,0.0,994028.6296778958
3912.472378149969,4.830008039866442,2.6355051216465912,2.555116831857044,1.0,0.0,0.0,1.0,0.0,2.687614584343798,1.0,0.0,1043555.3363136196
1003.9425225013089,3.961987866123983,3.112244163557876,2.508753567194134,1.0,0.0,0.0,0.0,0.0,1.9420530662252382,0.0,2.0,710032.0940672396
2530.800218936156,2.507489203597615,1.7976316315427139,1.691079733052453,1.0,0.0,1.0,1.0,0.0,0.24975476452867618,0.0,2.0,794353.4766284553
1508.8760334781878,5.086124958060724,3.7450959252820404,1.3460085059424176,1.0,0.0,0.0,1.0,0.0,0.84359323089864,0.0,1.0,750139.9698444322
3979.0606181624726,5.071556673014091,2.2573849647893076,2.042000745300034,1.0,0.0,0.0,0.0,1.0,1.0853630106177787,0.0,1.0,1007871.4424487867
2321.5507765413013,3.756535471044833,1.8865732458556663,3.1062522739850724,1.0,0.0,1.0,1.0,1.0,3.9175847946475866,0.0,1.0,911053.8155590543
4285.677437708719,5.448935765271106,2.0915671690618676,1.2251755065288006,1.0,0.0,1.0,1.0,0.0,2.257288586509228,1.0,2.0,1305344.555470816
1095.386353603349,3.998075815262795,3.8704202092903452,2.698414263539405,0.0,1.0,1.0,1.0,1.0,1.7775651159013988,0.0,1.0,702202.9144831346
2746.1246869315187,2.6235062418809267,3.0501029840482836,3.7703040762039706,0.0,0.0,1.0,1.0,1.0,3.622224066506319,1.0,1.0,944051.0452557865
3438.0192817759275,2.0900938115921397,3.260091185748016,1.5033993832313144,0.0,0.0,1.0,1.0,1.0,2.1916124551041083,1.0,2.0,1044619.6470357664
1369.618549679484,2.5789341294308734,3.645701069272072,2.168591156251341,1.0,0.0,0.0,0.0,1.0,1.4130747554426604,0.0,0.0,609244.1752394884
1795.050396028476,4.573966699693466,3.610621620940604,1.8362334772779076,1.0,1.0,0.0,1.0,1.0,0.017673183577769258,1.0,1.0,990923.4764985403
2114.745287454767,1.98641100622891,3.39086522124492,3.9610989774947347,0.0,0.0,0.0,1.0,1.0,1.3101290869849604,0.0,2.0,725003.213179674
3133.872535282361,4.828685051762713,3.587769514347883,2.501837835797904,1.0,1.0,1.0,1.0,1.0,1.477826865473567,1.0,0.0,1157633.7177270707
1355.257165600803,5.744657049086658,2.9559228247504934,3.8843670034196904,1.0,0.0,0.0,1.0,1.0,3.839458365436407,0.0,2.0,946442.6254645252
3208.72456003884,5.25762717703673,2.1061399299647214,3.3638168944932585,0.0,1.0,1.0,1.0,1.0,3.2974468436813007,1.0,0.0,1106217.9365245802
2568.948043346052,3.40773594118721,1.4355871300316723,3.617899610073179,1.0,0.0,1.0,1.0,1.0,3.9535903766523903,0.0,1.0,927516.2349882238
3770.7329365648707,4.79837174699341,3.008213401687742,2.4363011744614695,1.0,1.0,1.0,1.0,1.0,3.97218435319931,1.0,1.0,1326888.6420683279
4943.425657968568,3.5561241267503387,2.4642066030463035,3.1913131089132802,1.0,0.0,0.0,1.0,1.0,1.5554334469899063,0.0,1.0,1039984.2997792219
4671.83872308267,3.5309775017904568,2.4540169457182053,2.7030797586016417,1.0,0.0,0.0,1.0,0.0,2.4582214961091235,1.0,1.0,1190665.660524623
4770.633980779164,1.2565009462429846,3.9183441147059854,2.7286030764974027,0.0,0.0,1.0,1.0,1.0,3.676722756856722,0.0,1.0,1009614.3512596176
1131.3887878887244,4.795913762684432,2.1725693346807553,3.629276202004921,1.0,0.0,0.0,1.0,1.0,3.252363703114489,1.0,0.0,906876.0017433515
3532.8265557727773,5.478018871389428,3.608232158468577,3.7948654216088853,1.0,1.0,1.0,0.0,1.0,0.7165449829121888,0.0,1.0,1150490.2666815645
1959.825380113464,2.366154257487766,3.992539260755936,3.84730267095623,1.0,0.0,0.0,0.0,0.0,2.9939547120764862,0.0,1.0,786939.913978407
4982.9239452311695,3.8451599522075255,3.1603210297573803,2.516630955161232,1.0,0.0,0.0,1.0,1.0,1.4244771949537292,1.0,0.0,1166170.6214824629
1910.952669258575,5.650453802807761,2.039884607435549,2.7031273075100444,1.0,1.0,1.0,0.0,1.0,2.439778904721299,1.0,2.0,1206225.2213882848
2235.2849456209133,5.852693630433212,3.0334162344573143,3.5815976236424936,1.0,0.0,0.0,1.0,1.0,2.6164670340526763,0.0,1.0,957419.1567291652
2633.704530327245,4.6074716443769255,1.5006037692635354,2.7604933707912265,1.0,0.0,1.0,1.0,1.0,2.228809681872563,1.0,1.0,1122295.5353880639
4032.6744173315165,2.3092062660123216,2.2481789741870597,1.221213345068881,1.0,0.0,1.0,0.0,1.0,1.8981588443231514,1.0,1.0,1072766.1527464306
1887.214795776695,5.467294682590827,1.8850506029281289,1.6668739547249924,0.0,0.0,0.0,0.0,1.0,2.468199205654682,0.0,1.0,701207.6208650977
4986.1615706229795,3.8947737163769416,1.98537757835435,2.3419655819229392,1.0,0.0,0.0,1.0,0.0,3.2873844609065905,0.0,0.0,952106.6167904607
2828.3278196303795,5.773124134424611,3.0469079847595033,2.619440265831821,0.0,1.0,1.0,1.0,1.0,0.3505084961430027,0.0,2.0,1050283.7686740973
3248.1448215072814,4.297882551726037,2.0881311560447617,1.0195098973110173,1.0,1.0,0.0,1.0,1.0,2.3773565260000176,0.0,2.0,1055185.2858733847
2286.4898060210853,3.555704684058999,2.216494328750659,1.7008740384142502,1.0,0.0,1.0,1.0,1.0,0.08225572032419493,1.0,0.0,884016.9526359251
4322.8820657155775,2.496033675369992,2.586940749144685,3.6057393806661384,1.0,0.0,1.0,1.0,0.0,2.1811218784614548,0.0,1.0,976854.7884560084
4192.453158344583,1.8218628025068286,1.9132669167558911,2.2136909220987775,1.0,0.0,0.0,1.0,1.0,1.487379511163983,1.0,1.0,1066691.2417136359
2478.5490878387936,2.4109561845660856,3.2910181393562175,1.7985289140722058,1.0,1.0,0.0,1.0,1.0,3.3211804616470832,1.0,1.0,1019714.7643365654
2746.206039459993,1.6913916766456152,3.165520570281486,2.1267030574401513,0.0,1.0,0.0,0.0,0.0,0.1975593985868045,1.0,0.0,728231.73302106
